,sym_1,sym_2,p_value,t_value,critical_value,hedge_ratio,zero_crossing
325,SOLUSDT,LTCUSDT,0.04,-3.42,-3.35,1.77,67
746,AGIXUSDT,FETUSDT,0.0,-4.37,-3.35,0.41,65
277,DUSKUSDT,WLDUSDT,0.01,-3.97,-3.35,0.07,64
859,WLDUSDT,ZRXUSDT,0.01,-3.99,-3.35,10.0,63
762,AMBUSDT,NKNUSDT,0.0,-5.57,-3.35,0.07,59
336,LRCUSDT,IOTAUSDT,0.0,-4.38,-3.35,1.12,59
586,DYDXUSDT,KEYUSDT,0.01,-4.01,-3.35,313.36,57
786,AMBUSDT,GTCUSDT,0.0,-4.75,-3.35,0.01,57
320,MBLUSDT,STPTUSDT,0.01,-3.86,-3.35,0.08,56
524,AXSUSDT,ONEUSDT,0.01,-3.96,-3.35,349.93,55
695,STGUSDT,NKNUSDT,0.01,-3.86,-3.35,4.12,54
857,PENDLEUSDT,ETHUSDT,0.0,-4.11,-3.35,0.0,54
856,PENDLEUSDT,BTCUSDT,0.0,-4.19,-3.35,0.0,54
547,BADGERUSDT,KEYUSDT,0.0,-4.98,-3.35,627.52,53
914,RONINUSDT,POLYXUSDT,0.0,-4.28,-3.35,7.24,53
234,ALGOUSDT,ARKUSDT,0.03,-3.55,-3.35,0.24,52
555,ICPUSDT,IDUSDT,0.01,-4.08,-3.35,18.01,52
527,GRTUSDT,JUPUSDT,0.0,-4.23,-3.35,0.25,51
327,CHRUSDT,BCHUSDT,0.0,-4.25,-3.35,0.0,51
357,STORJUSDT,ATOMUSDT,0.03,-3.49,-3.35,0.06,51
227,ENJUSDT,ICXUSDT,0.04,-3.44,-3.35,1.4,51
310,RENUSDT,YGGUSDT,0.0,-4.52,-3.35,0.07,51
503,AVAXUSDT,ONEUSDT,0.01,-3.79,-3.35,1717.85,50
556,ARUSDT,ARKMUSDT,0.0,-4.12,-3.35,15.53,49
79,LTCUSDT,SKLUSDT,0.01,-3.9,-3.35,857.64,49
863,SEIUSDT,LPTUSDT,0.03,-3.5,-3.35,0.04,49
912,PYTHUSDT,JUPUSDT,0.02,-3.6,-3.35,0.59,48
529,TRUUSDT,SUPERUSDT,0.0,-4.25,-3.35,0.12,48
190,VETUSDT,BTCUSDT,0.03,-3.59,-3.35,0.0,48
748,SSVUSDT,THETAUSDT,0.04,-3.45,-3.35,18.23,48
525,AXSUSDT,KEYUSDT,0.03,-3.49,-3.35,1019.84,48
663,ASTRUSDT,FTMUSDT,0.04,-3.46,-3.35,0.15,47
841,RDNTUSDT,NKNUSDT,0.0,-4.28,-3.35,1.69,47
521,INJUSDT,AXLUSDT,0.0,-4.42,-3.35,22.98,47
602,IDEXUSDT,KAVAUSDT,0.01,-3.86,-3.35,0.09,47
900,MANTAUSDT,STRKUSDT,0.0,-4.51,-3.35,1.47,47
317,MBLUSDT,LINKUSDT,0.02,-3.72,-3.35,0.0,46
724,HIFIUSDT,OMGUSDT,0.01,-3.89,-3.35,1.2,46
775,AMBUSDT,XVSUSDT,0.0,-4.8,-3.35,0.0,46
508,FILUSDT,CTSIUSDT,0.02,-3.68,-3.35,30.66,46
526,GRTUSDT,IDUSDT,0.02,-3.64,-3.35,0.36,45
904,JUPUSDT,INJUSDT,0.04,-3.45,-3.35,0.04,45
67,LTCUSDT,ZECUSDT,0.03,-3.47,-3.35,3.64,45
815,GASUSDT,BATUSDT,0.03,-3.54,-3.35,21.09,45
456,OCEANUSDT,AGIXUSDT,0.02,-3.62,-3.35,1.03,45
790,AMBUSDT,YGGUSDT,0.0,-5.36,-3.35,0.01,44
835,ARBUSDT,SKLUSDT,0.0,-4.91,-3.35,12.33,44
666,ASTRUSDT,SPELLUSDT,0.02,-3.68,-3.35,117.05,44
858,PENDLEUSDT,LTCUSDT,0.0,-4.17,-3.35,0.07,44
737,HIFIUSDT,FILUSDT,0.02,-3.65,-3.35,0.13,44
862,SEIUSDT,ANKRUSDT,0.04,-3.38,-3.35,11.82,43
706,HFTUSDT,ENJUSDT,0.03,-3.58,-3.35,0.94,43
761,AMBUSDT,RENUSDT,0.0,-4.6,-3.35,0.14,43
745,HIFIUSDT,RADUSDT,0.01,-3.92,-3.35,0.45,43
776,AMBUSDT,ALPHAUSDT,0.0,-4.38,-3.35,0.07,43
816,GASUSDT,IOSTUSDT,0.02,-3.71,-3.35,559.96,43
241,DOGEUSDT,ATOMUSDT,0.01,-3.88,-3.35,0.02,43
792,AMBUSDT,BICOUSDT,0.0,-4.37,-3.35,0.02,42
651,JOEUSDT,NKNUSDT,0.0,-4.15,-3.35,4.28,42
731,HIFIUSDT,CRVUSDT,0.0,-4.56,-3.35,1.84,42
506,FILUSDT,NKNUSDT,0.02,-3.6,-3.35,47.6,42
233,ALGOUSDT,SSVUSDT,0.0,-5.97,-3.35,0.0,42
693,STGUSDT,KEYUSDT,0.0,-4.8,-3.35,76.09,42
131,ADAUSDT,SKLUSDT,0.0,-4.37,-3.35,5.02,41
844,SNTUSDT,XRPUSDT,0.01,-4.01,-3.35,0.08,41
353,STORJUSDT,IOTAUSDT,0.04,-3.44,-3.35,2.31,41
794,AMBUSDT,JOEUSDT,0.0,-4.88,-3.35,0.02,41
930,WIFUSDT,ANKRUSDT,0.02,-3.72,-3.35,59.98,41
712,HFTUSDT,SNXUSDT,0.04,-3.43,-3.35,0.11,40
678,LDOUSDT,ONEUSDT,0.01,-4.02,-3.35,96.12,40
146,ADAUSDT,MAGICUSDT,0.02,-3.74,-3.35,0.59,40
784,AMBUSDT,CFXUSDT,0.03,-3.53,-3.35,0.04,40
897,MANTAUSDT,YGGUSDT,0.03,-3.5,-3.35,2.13,40
136,ADAUSDT,WAXPUSDT,0.02,-3.76,-3.35,6.83,39
898,MANTAUSDT,BICOUSDT,0.0,-4.85,-3.35,3.66,39
865,ARKUSDT,LINKUSDT,0.0,-4.21,-3.35,0.05,39
717,HFTUSDT,AAVEUSDT,0.01,-3.77,-3.35,0.0,39
801,AMBUSDT,RDNTUSDT,0.01,-3.91,-3.35,0.04,39
603,IDEXUSDT,IOTXUSDT,0.04,-3.43,-3.35,1.11,39
504,AVAXUSDT,KEYUSDT,0.0,-4.58,-3.35,5006.54,38
530,TRUUSDT,RNDRUSDT,0.02,-3.63,-3.35,0.01,38
772,AMBUSDT,TRBUSDT,0.01,-3.95,-3.35,0.0,38
601,IDEXUSDT,NKNUSDT,0.02,-3.69,-3.35,0.48,38
107,QTUMUSDT,IOSTUSDT,0.0,-4.24,-3.35,415.48,38
243,DOGEUSDT,XTZUSDT,0.0,-4.11,-3.35,0.15,38
653,JOEUSDT,OGNUSDT,0.04,-3.44,-3.35,3.46,38
747,SSVUSDT,HOTUSDT,0.0,-4.36,-3.35,16583.27,38
817,GASUSDT,CELRUSDT,0.0,-4.19,-3.35,202.01,38
90,LTCUSDT,SPELLUSDT,0.03,-3.51,-3.35,89161.26,38
236,DOGEUSDT,ETCUSDT,0.02,-3.7,-3.35,0.01,38
585,DYDXUSDT,ONEUSDT,0.04,-3.41,-3.35,107.47,38
667,ASTRUSDT,TUSDT,0.03,-3.47,-3.35,2.94,37
621,MOVRUSDT,IOTXUSDT,0.04,-3.41,-3.35,234.11,37
650,JOEUSDT,RENUSDT,0.01,-3.8,-3.35,8.4,37
165,XLMUSDT,SOLUSDT,0.04,-3.4,-3.35,0.0,37
374,YFIUSDT,SOLUSDT,0.03,-3.57,-3.35,48.09,37
674,STEEMUSDT,LEVERUSDT,0.04,-3.39,-3.35,93.83,37
587,DYDXUSDT,CTSIUSDT,0.0,-4.37,-3.35,10.93,37
744,HIFIUSDT,YGGUSDT,0.0,-4.42,-3.35,0.89,37
696,STGUSDT,OGNUSDT,0.0,-4.14,-3.35,3.34,37
907,PYTHUSDT,INJUSDT,0.01,-3.92,-3.35,0.02,37
303,RENUSDT,CFXUSDT,0.02,-3.7,-3.35,0.26,36
890,XAIUSDT,NKNUSDT,0.02,-3.74,-3.35,5.76,36
254,DOGEUSDT,BALUSDT,0.01,-3.87,-3.35,0.04,36
348,ZENUSDT,WLDUSDT,0.03,-3.53,-3.35,1.74,36
771,AMBUSDT,RSRUSDT,0.01,-3.88,-3.35,1.38,36
528,RIFUSDT,ZRXUSDT,0.04,-3.44,-3.35,0.39,36
811,AMBUSDT,ETHFIUSDT,0.02,-3.72,-3.35,0.0,36
373,YFIUSDT,BNTUSDT,0.03,-3.56,-3.35,9687.04,36
608,IDEXUSDT,ALPHAUSDT,0.01,-3.79,-3.35,0.51,36
314,RLCUSDT,FETUSDT,0.03,-3.56,-3.35,1.25,36
802,AMBUSDT,EDUUSDT,0.05,-3.35,-3.35,0.01,36
113,QTUMUSDT,JASMYUSDT,0.01,-3.8,-3.35,218.2,35
607,IDEXUSDT,XVSUSDT,0.01,-3.77,-3.35,0.01,35
452,CRVUSDT,KEYUSDT,0.04,-3.44,-3.35,63.47,35
931,WIFUSDT,UNIUSDT,0.02,-3.67,-3.35,0.35,35
505,FILUSDT,KEYUSDT,0.0,-4.12,-3.35,879.06,35
522,AXSUSDT,IOTAUSDT,0.05,-3.36,-3.35,31.57,35
383,YFIUSDT,DOTUSDT,0.02,-3.73,-3.35,998.87,35
927,PORTALUSDT,YGGUSDT,0.02,-3.73,-3.35,1.16,35
833,IDUSDT,INJUSDT,0.05,-3.37,-3.35,0.03,34
610,IDEXUSDT,AXSUSDT,0.04,-3.44,-3.35,0.01,34
819,GASUSDT,MTLUSDT,0.01,-3.95,-3.35,3.22,34
797,AMBUSDT,STGUSDT,0.0,-4.52,-3.35,0.02,34
119,QTUMUSDT,ENAUSDT,0.01,-3.81,-3.35,3.89,34
644,JOEUSDT,OMGUSDT,0.0,-4.22,-3.35,0.81,34
588,DYDXUSDT,MDTUSDT,0.01,-4.01,-3.35,28.61,34
65,NEOUSDT,SFPUSDT,0.02,-3.67,-3.35,22.87,34
872,ORDIUSDT,NKNUSDT,0.02,-3.73,-3.35,378.12,34
875,BEAMXUSDT,FETUSDT,0.02,-3.68,-3.35,0.01,34
358,STORJUSDT,DOGEUSDT,0.05,-3.37,-3.35,3.56,34
499,UNIUSDT,KEYUSDT,0.04,-3.4,-3.35,1085.09,34
659,IMXUSDT,SKLUSDT,0.05,-3.35,-3.35,22.5,34
531,TRUUSDT,PHBUSDT,0.01,-3.77,-3.35,0.06,34
807,AMBUSDT,ACEUSDT,0.01,-3.84,-3.35,0.0,34
257,DOGEUSDT,KSMUSDT,0.05,-3.36,-3.35,0.0,33
911,PYTHUSDT,WLDUSDT,0.0,-4.63,-3.35,0.12,33
238,DOGEUSDT,WAVESUSDT,0.03,-3.56,-3.35,0.06,33
609,IDEXUSDT,AAVEUSDT,0.03,-3.57,-3.35,0.0,33
280,ANKRUSDT,HOTUSDT,0.01,-4.0,-3.35,19.51,33
888,XAIUSDT,KEYUSDT,0.0,-4.18,-3.35,106.21,33
294,RENUSDT,SUSHIUSDT,0.01,-3.92,-3.35,0.06,33
394,YFIUSDT,SKLUSDT,0.0,-5.51,-3.35,72875.03,33
929,WIFUSDT,LINKUSDT,0.01,-4.09,-3.35,0.2,33
351,SNXUSDT,ATOMUSDT,0.01,-3.78,-3.35,0.36,33
882,ACEUSDT,RENUSDT,0.03,-3.54,-3.35,89.36,33
777,AMBUSDT,AUDIOUSDT,0.0,-4.92,-3.35,0.05,32
714,HFTUSDT,CRVUSDT,0.01,-3.77,-3.35,0.69,32
753,AMBUSDT,OMGUSDT,0.0,-4.78,-3.35,0.01,32
509,FILUSDT,SNXUSDT,0.0,-4.18,-3.35,2.12,32
443,BLZUSDT,BNTUSDT,0.04,-3.46,-3.35,0.52,32
507,FILUSDT,OGNUSDT,0.01,-3.9,-3.35,38.53,32
561,GTCUSDT,OMGUSDT,0.03,-3.56,-3.35,1.86,32
688,STGUSDT,OMGUSDT,0.02,-3.64,-3.35,0.78,31
343,ZENUSDT,ROSEUSDT,0.03,-3.49,-3.35,92.04,31
893,MANTAUSDT,NKNUSDT,0.01,-4.05,-3.35,15.19,31
905,PYTHUSDT,KEYUSDT,0.01,-4.04,-3.35,85.42,31
791,AMBUSDT,DARUSDT,0.02,-3.64,-3.35,0.06,31
701,GMXUSDT,KSMUSDT,0.05,-3.35,-3.35,0.92,31
707,HFTUSDT,KEYUSDT,0.01,-4.11,-3.35,43.61,31
518,INJUSDT,SUIUSDT,0.0,-4.15,-3.35,21.23,31
550,BADGERUSDT,MDTUSDT,0.03,-3.5,-3.35,57.29,31
338,LRCUSDT,ICXUSDT,0.01,-4.06,-3.35,1.09,31
543,LITUSDT,ONEUSDT,0.01,-3.9,-3.35,51.51,31
279,DUSKUSDT,AXLUSDT,0.04,-3.43,-3.35,0.32,30
813,GASUSDT,XRPUSDT,0.03,-3.5,-3.35,10.64,30
590,DYDXUSDT,STORJUSDT,0.03,-3.54,-3.35,4.19,30
613,IDEXUSDT,REEFUSDT,0.0,-4.25,-3.35,28.23,30
340,ZENUSDT,KEYUSDT,0.02,-3.62,-3.35,1242.15,30
899,MANTAUSDT,ALTUSDT,0.05,-3.37,-3.35,4.75,30
901,MANTAUSDT,ETHFIUSDT,0.03,-3.52,-3.35,0.5,30
697,STGUSDT,CTSIUSDT,0.03,-3.54,-3.35,2.65,30
116,QTUMUSDT,PENDLEUSDT,0.03,-3.5,-3.35,0.68,30
932,WIFUSDT,OXTUSDT,0.03,-3.58,-3.35,25.9,29
106,QTUMUSDT,VETUSDT,0.01,-3.81,-3.35,102.54,29
354,STORJUSDT,ETCUSDT,0.02,-3.74,-3.35,0.02,29
852,MAVUSDT,RENUSDT,0.02,-3.61,-3.35,6.54,29
579,FLOWUSDT,IOTAUSDT,0.03,-3.5,-3.35,3.98,29
454,OCEANUSDT,LPTUSDT,0.01,-3.87,-3.35,0.07,29
584,DYDXUSDT,ENJUSDT,0.03,-3.5,-3.35,6.72,29
349,ZENUSDT,VANRYUSDT,0.05,-3.37,-3.35,53.6,29
293,RENUSDT,RSRUSDT,0.01,-3.95,-3.35,10.1,29
818,GASUSDT,FTMUSDT,0.04,-3.42,-3.35,7.39,29
115,QTUMUSDT,MAGICUSDT,0.02,-3.75,-3.35,4.9,29
226,THETAUSDT,EOSUSDT,0.04,-3.45,-3.35,2.69,29
273,DUSKUSDT,RIFUSDT,0.01,-3.87,-3.35,1.81,29
675,STEEMUSDT,SSVUSDT,0.03,-3.56,-3.35,0.01,29
276,DUSKUSDT,APTUSDT,0.01,-3.91,-3.35,0.04,28
599,IDEXUSDT,KEYUSDT,0.01,-4.04,-3.35,8.89,28
544,LITUSDT,KEYUSDT,0.02,-3.7,-3.35,150.16,28
514,INJUSDT,ROSEUSDT,0.04,-3.39,-3.35,269.63,28
628,JASMYUSDT,BTCUSDT,0.04,-3.47,-3.35,0.0,28
193,USDCUSDT,BNBUSDT,0.0,-4.34,-3.35,0.0,28
548,BADGERUSDT,NKNUSDT,0.02,-3.73,-3.35,33.97,28
105,QTUMUSDT,XRPUSDT,0.05,-3.36,-3.35,7.89,28
805,AMBUSDT,ORDIUSDT,0.02,-3.65,-3.35,0.0,28
810,AMBUSDT,PIXELUSDT,0.01,-3.79,-3.35,0.02,28
910,PYTHUSDT,POLYXUSDT,0.04,-3.46,-3.35,1.46,28
842,RDNTUSDT,OGNUSDT,0.02,-3.74,-3.35,1.36,28
918,STRKUSDT,XVGUSDT,0.01,-3.94,-3.35,215.67,28
332,CHRUSDT,GMTUSDT,0.0,-4.57,-3.35,1.33,28
261,DOGEUSDT,SKLUSDT,0.01,-3.98,-3.35,1.65,27
232,ALGOUSDT,LEVERUSDT,0.01,-3.83,-3.35,65.89,27
313,HBARUSDT,HIGHUSDT,0.02,-3.61,-3.35,0.03,27
743,HIFIUSDT,BONDUSDT,0.03,-3.58,-3.35,0.27,27
330,CHRUSDT,YGGUSDT,0.02,-3.76,-3.35,0.33,27
804,AMBUSDT,CYBERUSDT,0.0,-5.28,-3.35,0.0,27
830,GASUSDT,SKLUSDT,0.02,-3.67,-3.35,56.49,27
451,CRVUSDT,ONEUSDT,0.01,-3.86,-3.35,21.77,27
104,LTCUSDT,BOMEUSDT,0.03,-3.49,-3.35,7834.2,27
909,PYTHUSDT,AUCTIONUSDT,0.02,-3.67,-3.35,0.04,27
337,LRCUSDT,ETCUSDT,0.01,-4.01,-3.35,0.01,27
668,ASTRUSDT,SNTUSDT,0.02,-3.6,-3.35,2.75,27
736,HIFIUSDT,ALPHAUSDT,0.02,-3.62,-3.35,6.72,27
622,MOVRUSDT,OGNUSDT,0.0,-4.38,-3.35,82.34,27
245,DOGEUSDT,ARPAUSDT,0.01,-3.97,-3.35,2.06,27
158,XLMUSDT,ZECUSDT,0.05,-3.36,-3.35,0.0,27
738,HIFIUSDT,UNFIUSDT,0.0,-4.33,-3.35,0.22,26
270,DOGEUSDT,ILVUSDT,0.04,-3.4,-3.35,0.0,26
763,AMBUSDT,OGNUSDT,0.0,-4.31,-3.35,0.06,26
665,ASTRUSDT,GALAUSDT,0.05,-3.36,-3.35,2.27,26
248,DOGEUSDT,BNTUSDT,0.02,-3.68,-3.35,0.22,26
304,RENUSDT,BAKEUSDT,0.0,-4.16,-3.35,0.25,26
229,ATOMUSDT,ICXUSDT,0.03,-3.5,-3.35,34.72,26
876,BEAMXUSDT,RLCUSDT,0.04,-3.45,-3.35,0.01,26
809,AMBUSDT,XAIUSDT,0.03,-3.52,-3.35,0.01,26
889,XAIUSDT,RENUSDT,0.0,-4.12,-3.35,11.3,26
206,USDCUSDT,VETUSDT,0.01,-3.87,-3.35,23.61,26
883,ACEUSDT,NKNUSDT,0.0,-4.77,-3.35,45.48,26
785,AMBUSDT,BAKEUSDT,0.03,-3.58,-3.35,0.03,26
822,GASUSDT,BNTUSDT,0.01,-3.89,-3.35,7.51,26
123,ADAUSDT,SOLUSDT,0.03,-3.57,-3.35,0.0,26
623,MOVRUSDT,MDTUSDT,0.05,-3.37,-3.35,171.46,25
321,MBLUSDT,KLAYUSDT,0.03,-3.49,-3.35,0.02,25
316,MBLUSDT,XRPUSDT,0.0,-4.24,-3.35,0.01,25
853,MAVUSDT,NKNUSDT,0.0,-4.27,-3.35,3.33,25
669,GMTUSDT,DASHUSDT,0.04,-3.38,-3.35,0.01,25
278,DUSKUSDT,DYMUSDT,0.0,-4.19,-3.35,0.1,25
311,RENUSDT,RADUSDT,0.03,-3.48,-3.35,0.04,25
919,STRKUSDT,BICOUSDT,0.0,-4.51,-3.35,2.49,25
157,XLMUSDT,XRPUSDT,0.04,-3.38,-3.35,0.22,25
633,CVXUSDT,KEYUSDT,0.04,-3.39,-3.35,374.86,25
673,STEEMUSDT,THETAUSDT,0.01,-3.98,-3.35,0.12,25
866,ARKUSDT,HOTUSDT,0.0,-5.11,-3.35,315.73,25
520,INJUSDT,DYMUSDT,0.04,-3.47,-3.35,6.82,25
523,AXSUSDT,ZILUSDT,0.03,-3.57,-3.35,290.93,25
860,WLDUSDT,ONEUSDT,0.05,-3.38,-3.35,244.78,25
728,HIFIUSDT,NKNUSDT,0.02,-3.67,-3.35,6.34,24
700,GMXUSDT,DUSKUSDT,0.05,-3.35,-3.35,78.8,24
230,ALGOUSDT,ANKRUSDT,0.02,-3.61,-3.35,3.9,24
729,HIFIUSDT,OGNUSDT,0.02,-3.65,-3.35,5.13,24
532,TRUUSDT,IDUSDT,0.02,-3.63,-3.35,0.16,24
224,HOTUSDT,XRPUSDT,0.04,-3.44,-3.35,0.0,24
595,IDEXUSDT,ICXUSDT,0.02,-3.62,-3.35,0.27,24
502,AVAXUSDT,ATOMUSDT,0.01,-3.78,-3.35,4.32,24
359,STORJUSDT,KEYUSDT,0.0,-5.21,-3.35,74.77,24
196,USDCUSDT,QTUMUSDT,0.01,-4.06,-3.35,0.23,24
324,MBLUSDT,SNTUSDT,0.05,-3.35,-3.35,0.12,23
87,LTCUSDT,AUCTIONUSDT,0.02,-3.72,-3.35,4.58,23
519,INJUSDT,WLDUSDT,0.03,-3.57,-3.35,5.09,23
913,RONINUSDT,RIFUSDT,0.01,-4.11,-3.35,15.06,23
170,XLMUSDT,SKLUSDT,0.04,-3.39,-3.35,1.15,23
559,LPTUSDT,FETUSDT,0.02,-3.72,-3.35,6.13,23
228,ATOMUSDT,ETCUSDT,0.01,-4.03,-3.35,0.32,23
902,JUPUSDT,ZRXUSDT,0.02,-3.62,-3.35,2.03,23
283,RENUSDT,OMGUSDT,0.01,-3.97,-3.35,0.1,23
742,HIFIUSDT,GTCUSDT,0.01,-3.93,-3.35,0.65,23
78,LTCUSDT,ROSEUSDT,0.01,-3.99,-3.35,810.36,23
549,BADGERUSDT,OGNUSDT,0.01,-3.97,-3.35,27.5,23
164,XLMUSDT,STPTUSDT,0.04,-3.41,-3.35,1.96,23
864,ARKUSDT,XRPUSDT,0.02,-3.67,-3.35,1.53,22
538,TWTUSDT,RLCUSDT,0.04,-3.47,-3.35,0.39,22
709,HFTUSDT,NKNUSDT,0.0,-4.4,-3.35,2.36,22
305,RENUSDT,MASKUSDT,0.03,-3.56,-3.35,0.02,22
730,HIFIUSDT,SNXUSDT,0.0,-4.52,-3.35,0.28,22
671,GMTUSDT,KEYUSDT,0.05,-3.36,-3.35,33.07,22
296,RENUSDT,ALPHAUSDT,0.02,-3.62,-3.35,0.54,22
194,USDCUSDT,NEOUSDT,0.01,-3.8,-3.35,0.05,22
356,STORJUSDT,ENJUSDT,0.0,-4.4,-3.35,1.6,22
861,SEIUSDT,FETUSDT,0.03,-3.58,-3.35,0.26,22
326,CHRUSDT,KEYUSDT,0.02,-3.67,-3.35,43.95,22
635,CVXUSDT,NKNUSDT,0.01,-3.93,-3.35,20.3,22
251,DOGEUSDT,LRCUSDT,0.04,-3.4,-3.35,0.58,22
808,AMBUSDT,AIUSDT,0.04,-3.45,-3.35,0.01,22
832,GASUSDT,PERPUSDT,0.01,-4.1,-3.35,4.84,21
921,PORTALUSDT,NKNUSDT,0.0,-4.31,-3.35,8.25,21
74,LTCUSDT,EGLDUSDT,0.02,-3.6,-3.35,1.91,21
680,LDOUSDT,BCHUSDT,0.04,-3.44,-3.35,0.0,21
302,RENUSDT,LINAUSDT,0.0,-4.73,-3.35,7.32,21
137,ADAUSDT,ILVUSDT,0.0,-4.12,-3.35,0.0,21
689,STGUSDT,ENJUSDT,0.01,-3.84,-3.35,1.63,21
711,HFTUSDT,CTSIUSDT,0.04,-3.42,-3.35,1.52,21
577,QNTUSDT,WIFUSDT,0.04,-3.43,-3.35,35.03,21
66,NEOUSDT,OMUSDT,0.01,-4.08,-3.35,24.69,21
515,INJUSDT,SKLUSDT,0.05,-3.36,-3.35,285.09,21
787,AMBUSDT,BONDUSDT,0.02,-3.73,-3.35,0.0,21
788,AMBUSDT,C98USDT,0.04,-3.39,-3.35,0.03,21
202,USDCUSDT,ONTUSDT,0.01,-3.93,-3.35,2.72,21
455,OCEANUSDT,RNDRUSDT,0.05,-3.36,-3.35,0.11,21
191,USDCUSDT,BTCUSDT,0.01,-4.03,-3.35,0.0,21
800,AMBUSDT,HIFIUSDT,0.03,-3.59,-3.35,0.01,21
903,JUPUSDT,COTIUSDT,0.01,-3.9,-3.35,8.68,21
812,GASUSDT,ETHUSDT,0.01,-3.89,-3.35,0.0,21
741,HIFIUSDT,CAKEUSDT,0.02,-3.6,-3.35,0.29,20
773,AMBUSDT,SUSHIUSDT,0.04,-3.4,-3.35,0.01,20
606,IDEXUSDT,RUNEUSDT,0.04,-3.46,-3.35,0.01,20
855,MAVUSDT,OGNUSDT,0.03,-3.56,-3.35,2.69,20
682,LDOUSDT,COMPUSDT,0.04,-3.38,-3.35,0.04,20
565,C98USDT,ENJUSDT,0.05,-3.37,-3.35,0.89,20
677,LDOUSDT,WAVESUSDT,0.02,-3.69,-3.35,0.83,20
782,AMBUSDT,BADGERUSDT,0.04,-3.39,-3.35,0.0,20
130,ADAUSDT,ROSEUSDT,0.04,-3.39,-3.35,4.75,20
936,WUSDT,BCHUSDT,0.04,-3.4,-3.35,0.0,19
533,TRUUSDT,SUIUSDT,0.02,-3.74,-3.35,0.09,19
341,ZENUSDT,IOTXUSDT,0.02,-3.61,-3.35,154.86,19
72,LTCUSDT,COMPUSDT,0.03,-3.53,-3.35,1.43,19
726,HIFIUSDT,KEYUSDT,0.0,-4.22,-3.35,116.94,19
803,AMBUSDT,COMBOUSDT,0.04,-3.47,-3.35,0.01,19
612,IDEXUSDT,1INCHUSDT,0.04,-3.43,-3.35,0.15,19
306,RENUSDT,GTCUSDT,0.01,-3.88,-3.35,0.05,19
178,XLMUSDT,AGLDUSDT,0.05,-3.36,-3.35,0.09,19
511,INJUSDT,ZENUSDT,0.01,-3.82,-3.35,2.92,19
664,ASTRUSDT,KEYUSDT,0.04,-3.45,-3.35,14.34,19
535,TRUUSDT,AXLUSDT,0.02,-3.76,-3.35,0.1,19
894,MANTAUSDT,BCHUSDT,0.02,-3.67,-3.35,0.0,19
249,DOGEUSDT,CTSIUSDT,0.02,-3.6,-3.35,0.73,19
593,IDEXUSDT,IOTAUSDT,0.01,-4.05,-3.35,0.27,19
275,DUSKUSDT,POLYXUSDT,0.0,-5.48,-3.35,0.87,19
558,MASKUSDT,KEYUSDT,0.03,-3.49,-3.35,500.43,19
672,GMTUSDT,BCHUSDT,0.03,-3.49,-3.35,0.0,19
683,LDOUSDT,SNXUSDT,0.03,-3.53,-3.35,0.68,19
694,STGUSDT,RENUSDT,0.0,-4.86,-3.35,8.1,18
937,WUSDT,BICOUSDT,0.05,-3.36,-3.35,1.17,18
703,POLYXUSDT,ZRXUSDT,0.04,-3.44,-3.35,0.82,18
457,OCEANUSDT,BOMEUSDT,0.03,-3.5,-3.35,88.14,18
345,ZENUSDT,RIFUSDT,0.02,-3.68,-3.35,44.2,18
657,IMXUSDT,KEYUSDT,0.05,-3.35,-3.35,286.82,18
70,LTCUSDT,IOTXUSDT,0.02,-3.61,-3.35,1362.62,18
620,MOVRUSDT,RENUSDT,0.04,-3.41,-3.35,199.78,18
536,CKBUSDT,XVGUSDT,0.02,-3.62,-3.35,3.37,18
537,TWTUSDT,LINKUSDT,0.04,-3.4,-3.35,0.07,18
323,MBLUSDT,SPELLUSDT,0.03,-3.47,-3.35,4.94,18
112,QTUMUSDT,POWRUSDT,0.02,-3.71,-3.35,12.99,17
592,IDEXUSDT,EOSUSDT,0.02,-3.62,-3.35,0.08,17
604,IDEXUSDT,LRCUSDT,0.03,-3.57,-3.35,0.25,17
582,WAXPUSDT,ETHUSDT,0.04,-3.41,-3.35,0.0,17
670,GMTUSDT,ONEUSDT,0.02,-3.66,-3.35,11.36,17
732,HIFIUSDT,RSRUSDT,0.01,-3.92,-3.35,125.76,17
83,LTCUSDT,KLAYUSDT,0.03,-3.49,-3.35,417.08,17
710,HFTUSDT,ARPAUSDT,0.02,-3.61,-3.35,4.27,17
600,IDEXUSDT,RVNUSDT,0.01,-3.96,-3.35,2.06,17
156,ADAUSDT,ETHFIUSDT,0.05,-3.38,-3.35,0.11,17
297,RENUSDT,AUDIOUSDT,0.0,-4.68,-3.35,0.34,17
908,PYTHUSDT,SKLUSDT,0.05,-3.37,-3.35,6.69,17
727,HIFIUSDT,RENUSDT,0.0,-4.19,-3.35,12.44,17
269,DOGEUSDT,FLOWUSDT,0.03,-3.5,-3.35,0.16,17
500,UNIUSDT,CHZUSDT,0.05,-3.36,-3.35,69.87,17
636,CVXUSDT,OGNUSDT,0.02,-3.6,-3.35,16.43,17
725,HIFIUSDT,ENJUSDT,0.03,-3.53,-3.35,2.51,17
182,XLMUSDT,MAGICUSDT,0.04,-3.45,-3.35,0.13,17
118,QTUMUSDT,ALTUSDT,0.04,-3.41,-3.35,9.02,17
120,ADAUSDT,ONEUSDT,0.03,-3.59,-3.35,21.97,17
649,JOEUSDT,KEYUSDT,0.0,-4.33,-3.35,78.9,17
262,DOGEUSDT,CAKEUSDT,0.01,-4.01,-3.35,0.05,17
691,STGUSDT,ONEUSDT,0.01,-3.81,-3.35,26.1,17
795,AMBUSDT,GLMRUSDT,0.0,-4.16,-3.35,0.03,17
854,MAVUSDT,BCHUSDT,0.03,-3.58,-3.35,0.0,17
517,INJUSDT,GMXUSDT,0.01,-3.8,-3.35,0.91,17
928,PORTALUSDT,RADUSDT,0.04,-3.4,-3.35,0.58,17
851,MAVUSDT,KEYUSDT,0.0,-4.44,-3.35,61.32,17
97,LTCUSDT,LOOMUSDT,0.0,-4.25,-3.35,983.08,17
516,INJUSDT,AUCTIONUSDT,0.0,-4.41,-3.35,1.52,17
658,IMXUSDT,SOLUSDT,0.0,-4.44,-3.35,0.01,17
406,YFIUSDT,WAXPUSDT,0.03,-3.51,-3.35,98968.09,16
440,YFIUSDT,ETHFIUSDT,0.04,-3.39,-3.35,1648.43,16
235,DOGEUSDT,IOTAUSDT,0.03,-3.57,-3.35,0.65,16
634,CVXUSDT,RENUSDT,0.03,-3.51,-3.35,39.85,16
568,QNTUSDT,ANKRUSDT,0.01,-4.04,-3.35,2106.64,16
162,XLMUSDT,IOTXUSDT,0.0,-4.3,-3.35,1.82,16
420,YFIUSDT,TUSDT,0.03,-3.49,-3.35,190059.45,15
578,QNTUSDT,BOMEUSDT,0.0,-4.64,-3.35,9703.81,15
403,YFIUSDT,SLPUSDT,0.04,-3.45,-3.35,1630707.69,15
541,LITUSDT,MATICUSDT,0.04,-3.41,-3.35,1.56,15
704,HFTUSDT,WAVESUSDT,0.02,-3.68,-3.35,0.13,15
681,LDOUSDT,OGNUSDT,0.0,-4.38,-3.35,12.26,15
596,IDEXUSDT,ZILUSDT,0.0,-4.39,-3.35,2.53,15
614,GALAUSDT,XRPUSDT,0.02,-3.67,-3.35,0.09,15
598,IDEXUSDT,MTLUSDT,0.0,-4.11,-3.35,0.04,15
611,IDEXUSDT,XEMUSDT,0.03,-3.5,-3.35,1.7,15
442,BLZUSDT,ARPAUSDT,0.05,-3.35,-3.35,4.83,15
546,BADGERUSDT,ONEUSDT,0.0,-4.24,-3.35,215.24,15
619,MOVRUSDT,KEYUSDT,0.0,-4.72,-3.35,1878.04,15
319,MBLUSDT,IOTXUSDT,0.01,-4.05,-3.35,0.08,15
896,MANTAUSDT,XVGUSDT,0.02,-3.6,-3.35,316.89,15
110,QTUMUSDT,XVGUSDT,0.04,-3.39,-3.35,599.73,15
117,QTUMUSDT,MEMEUSDT,0.01,-3.95,-3.35,135.99,15
126,ADAUSDT,COMPUSDT,0.01,-3.87,-3.35,0.01,15
823,GASUSDT,MANAUSDT,0.02,-3.71,-3.35,11.4,15
722,MAGICUSDT,BTCUSDT,0.01,-3.77,-3.35,0.0,15
379,YFIUSDT,COMPUSDT,0.03,-3.5,-3.35,121.24,15
250,DOGEUSDT,STMXUSDT,0.03,-3.59,-3.35,19.2,15
759,AMBUSDT,KEYUSDT,0.0,-4.18,-3.35,1.28,15
239,DOGEUSDT,ZILUSDT,0.03,-3.51,-3.35,5.99,14
846,SNTUSDT,HOTUSDT,0.01,-3.89,-3.35,15.83,14
781,AMBUSDT,CAKEUSDT,0.0,-4.24,-3.35,0.0,14
225,THETAUSDT,XRPUSDT,0.0,-4.25,-3.35,4.42,14
938,WUSDT,POLYXUSDT,0.03,-3.53,-3.35,1.53,14
395,YFIUSDT,REEFUSDT,0.02,-3.62,-3.35,2937383.51,14
39,ETHUSDT,FTMUSDT,0.01,-4.08,-3.35,4111.51,13
432,YFIUSDT,VANRYUSDT,0.03,-3.53,-3.35,39962.8,13
510,FILUSDT,RSRUSDT,0.01,-3.9,-3.35,944.9,13
645,JOEUSDT,ENJUSDT,0.03,-3.58,-3.35,1.69,13
237,DOGEUSDT,ICXUSDT,0.01,-3.9,-3.35,0.63,13
891,XAIUSDT,IOTXUSDT,0.04,-3.41,-3.35,13.24,13
597,IDEXUSDT,DASHUSDT,0.01,-3.88,-3.35,0.0,13
109,QTUMUSDT,PERPUSDT,0.01,-3.85,-3.35,3.59,13
542,LITUSDT,ATOMUSDT,0.04,-3.45,-3.35,0.13,13
458,DOTUSDT,ONEUSDT,0.0,-4.26,-3.35,319.02,13
629,RNDRUSDT,STXUSDT,0.03,-3.53,-3.35,3.1,13
662,ASTRUSDT,XRPUSDT,0.02,-3.59,-3.35,0.21,13
466,BELUSDT,ONEUSDT,0.04,-3.39,-3.35,56.16,13
69,LTCUSDT,CHZUSDT,0.01,-3.86,-3.35,703.86,13
267,DOGEUSDT,BONDUSDT,0.01,-3.99,-3.35,0.05,13
580,FLOWUSDT,MATICUSDT,0.04,-3.38,-3.35,1.33,13
40,ETHUSDT,MTLUSDT,0.03,-3.52,-3.35,1792.5,13
307,RENUSDT,C98USDT,0.04,-3.39,-3.35,0.23,13
209,USDCUSDT,ONGUSDT,0.01,-3.77,-3.35,1.78,13
160,XLMUSDT,RVNUSDT,0.03,-3.55,-3.35,3.39,13
718,HFTUSDT,AUDIOUSDT,0.02,-3.63,-3.35,1.6,13
923,PORTALUSDT,OGNUSDT,0.0,-4.5,-3.35,6.68,13
770,AMBUSDT,CRVUSDT,0.0,-4.92,-3.35,0.02,12
847,SNTUSDT,THETAUSDT,0.02,-3.75,-3.35,0.02,12
766,AMBUSDT,SNXUSDT,0.01,-3.88,-3.35,0.0,12
826,GASUSDT,FLMUSDT,0.0,-4.71,-3.35,51.48,12
253,DOGEUSDT,MANAUSDT,0.05,-3.35,-3.35,0.33,12
719,HFTUSDT,SKLUSDT,0.0,-4.62,-3.35,3.42,11
271,DOGEUSDT,YGGUSDT,0.01,-4.06,-3.35,0.16,11
848,SNTUSDT,IOTXUSDT,0.02,-3.66,-3.35,0.65,11
268,DOGEUSDT,C98USDT,0.03,-3.5,-3.35,0.51,11
869,MEMEUSDT,ETHUSDT,0.04,-3.47,-3.35,0.0,11
814,GASUSDT,EOSUSDT,0.0,-4.16,-3.35,6.48,11
175,XLMUSDT,GALAUSDT,0.01,-3.89,-3.35,2.31,11
631,FXSUSDT,DOGEUSDT,0.01,-3.83,-3.35,33.31,11
366,YFIUSDT,ONEUSDT,0.04,-3.46,-3.35,318426.85,11
377,YFIUSDT,KNCUSDT,0.02,-3.69,-3.35,11476.14,11
652,JOEUSDT,KAVAUSDT,0.04,-3.38,-3.35,0.81,11
470,BELUSDT,CTSIUSDT,0.04,-3.39,-3.35,5.72,11
496,BELUSDT,DYDXUSDT,0.04,-3.38,-3.35,0.52,11
371,YFIUSDT,KAVAUSDT,0.02,-3.6,-3.35,9499.59,11
288,RENUSDT,CTSIUSDT,0.05,-3.36,-3.35,0.33,11
217,USDCUSDT,CELRUSDT,0.0,-4.27,-3.35,34.31,11
878,ACEUSDT,OMGUSDT,0.01,-3.89,-3.35,8.64,11
344,ZENUSDT,SKLUSDT,0.01,-3.87,-3.35,97.26,11
37,ETHUSDT,IOSTUSDT,0.04,-3.4,-3.35,311590.11,11
829,GASUSDT,XEMUSDT,0.04,-3.44,-3.35,138.18,11
214,USDCUSDT,BATUSDT,0.0,-4.19,-3.35,3.59,11
740,HIFIUSDT,RIFUSDT,0.04,-3.41,-3.35,4.16,11
220,USDCUSDT,THETAUSDT,0.0,-4.45,-3.35,0.41,11
329,CHRUSDT,UNIUSDT,0.02,-3.69,-3.35,0.04,11
679,LDOUSDT,NKNUSDT,0.03,-3.56,-3.35,15.15,11
408,YFIUSDT,ILVUSDT,0.0,-4.3,-3.35,69.53,11
895,MANTAUSDT,SKLUSDT,0.05,-3.35,-3.35,21.9,11
820,GASUSDT,KEYUSDT,0.02,-3.6,-3.35,719.51,11
793,AMBUSDT,CVXUSDT,0.04,-3.38,-3.35,0.0,11
892,MANTAUSDT,DOGEUSDT,0.02,-3.7,-3.35,13.3,11
192,USDCUSDT,ETHUSDT,0.0,-4.18,-3.35,0.0,11
733,HIFIUSDT,SUSHIUSDT,0.02,-3.75,-3.35,0.77,11
247,DOGEUSDT,OGNUSDT,0.01,-3.82,-3.35,0.92,11
396,YFIUSDT,CELOUSDT,0.02,-3.65,-3.35,8170.5,11
920,PORTALUSDT,KEYUSDT,0.0,-4.38,-3.35,151.91,11
252,DOGEUSDT,SNXUSDT,0.01,-4.07,-3.35,0.05,11
472,BELUSDT,SNXUSDT,0.0,-4.14,-3.35,0.4,11
780,AMBUSDT,LITUSDT,0.03,-3.57,-3.35,0.01,10
654,JOEUSDT,CTSIUSDT,0.0,-4.2,-3.35,2.75,10
291,RENUSDT,CRVUSDT,0.0,-4.26,-3.35,0.15,10
347,ZENUSDT,BICOUSDT,0.0,-4.71,-3.35,16.2,10
414,YFIUSDT,BICOUSDT,0.05,-3.37,-3.35,12078.94,10
716,HFTUSDT,ALPHAUSDT,0.01,-3.96,-3.35,2.5,10
421,YFIUSDT,LDOUSDT,0.02,-3.74,-3.35,3311.67,10
274,DUSKUSDT,BICOUSDT,0.01,-4.09,-3.35,0.66,10
881,ACEUSDT,KEYUSDT,0.0,-4.62,-3.35,838.53,9
246,DOGEUSDT,BCHUSDT,0.03,-3.49,-3.35,0.0,9
111,QTUMUSDT,YGGUSDT,0.05,-3.35,-3.35,4.03,9
80,LTCUSDT,CELOUSDT,0.02,-3.67,-3.35,96.21,9
43,ETHUSDT,RVNUSDT,0.04,-3.45,-3.35,92812.19,9
431,YFIUSDT,BLURUSDT,0.04,-3.47,-3.35,16582.61,9
426,YFIUSDT,RDNTUSDT,0.04,-3.39,-3.35,29704.66,9
917,STRKUSDT,BNTUSDT,0.01,-3.8,-3.35,1.98,9
84,LTCUSDT,MINAUSDT,0.03,-3.58,-3.35,96.61,9
754,AMBUSDT,ENJUSDT,0.0,-4.15,-3.35,0.03,9
352,STORJUSDT,ADAUSDT,0.04,-3.39,-3.35,1.17,9
554,CFXUSDT,ATOMUSDT,0.01,-3.8,-3.35,0.03,9
735,HIFIUSDT,AVAXUSDT,0.01,-4.0,-3.35,0.02,9
798,AMBUSDT,HFTUSDT,0.01,-4.08,-3.35,0.03,9
176,XLMUSDT,YGGUSDT,0.02,-3.67,-3.35,0.11,9
534,TRUUSDT,DYMUSDT,0.04,-3.43,-3.35,0.03,9
174,XLMUSDT,KLAYUSDT,0.03,-3.58,-3.35,0.56,9
166,XLMUSDT,KNCUSDT,0.01,-3.83,-3.35,0.18,9
7,BTCUSDT,BATUSDT,0.02,-3.75,-3.35,239199.32,9
135,ADAUSDT,SLPUSDT,0.01,-3.82,-3.35,112.52,9
836,ARBUSDT,YGGUSDT,0.01,-4.06,-3.35,1.19,9
487,BELUSDT,LITUSDT,0.03,-3.48,-3.35,1.09,9
471,BELUSDT,LRCUSDT,0.05,-3.37,-3.35,4.51,9
264,DOGEUSDT,CFXUSDT,0.02,-3.66,-3.35,0.59,9
868,MEMEUSDT,BTCUSDT,0.04,-3.43,-3.35,0.0,9
100,LTCUSDT,NTRNUSDT,0.04,-3.39,-3.35,98.99,9
101,LTCUSDT,VANRYUSDT,0.0,-4.16,-3.35,470.74,9
479,BELUSDT,OXTUSDT,0.04,-3.4,-3.35,10.96,9
765,AMBUSDT,LRCUSDT,0.0,-4.37,-3.35,0.04,9
481,BELUSDT,FILUSDT,0.02,-3.67,-3.35,0.19,9
284,RENUSDT,ENJUSDT,0.02,-3.74,-3.35,0.2,9
581,WAXPUSDT,BTCUSDT,0.03,-3.5,-3.35,0.0,9
465,BELUSDT,ENJUSDT,0.0,-4.72,-3.35,3.51,9
647,JOEUSDT,ATOMUSDT,0.0,-4.13,-3.35,0.07,8
764,AMBUSDT,CTSIUSDT,0.03,-3.5,-3.35,0.04,8
88,LTCUSDT,BICOUSDT,0.04,-3.38,-3.35,142.28,8
331,CHRUSDT,BICOUSDT,0.0,-4.43,-3.35,0.57,8
799,AMBUSDT,HOOKUSDT,0.04,-3.42,-3.35,0.01,8
300,RENUSDT,CELOUSDT,0.02,-3.61,-3.35,0.08,8
145,ADAUSDT,OPUSDT,0.01,-3.9,-3.35,0.2,8
346,ZENUSDT,MASKUSDT,0.05,-3.37,-3.35,2.48,8
286,RENUSDT,ATOMUSDT,0.03,-3.49,-3.35,0.01,8
287,RENUSDT,ONEUSDT,0.01,-4.02,-3.35,3.22,8
641,JOEUSDT,ICXUSDT,0.04,-3.38,-3.35,2.36,8
583,DYDXUSDT,WAVESUSDT,0.02,-3.69,-3.35,0.93,7
624,MOVRUSDT,SNXUSDT,0.03,-3.48,-3.35,4.53,7
10,BTCUSDT,MTLUSDT,0.01,-4.02,-3.35,36510.02,7
934,AEVOUSDT,KEYUSDT,0.04,-3.39,-3.35,259.41,7
14,BTCUSDT,RVNUSDT,0.04,-3.44,-3.35,1890310.19,7
58,ETHUSDT,XEMUSDT,0.04,-3.46,-3.35,76875.65,7
89,LTCUSDT,PEOPLEUSDT,0.01,-3.92,-3.35,2979.75,7
138,ADAUSDT,YGGUSDT,0.01,-4.07,-3.35,0.48,7
553,CFXUSDT,MATICUSDT,0.01,-3.87,-3.35,0.37,7
828,GASUSDT,UNFIUSDT,0.02,-3.66,-3.35,1.33,7
873,ORDIUSDT,ARPAUSDT,0.0,-4.78,-3.35,682.35,7
834,ARBUSDT,BELUSDT,0.03,-3.49,-3.35,0.91,7
59,ETHUSDT,SKLUSDT,0.04,-3.41,-3.35,31459.42,7
562,BONDUSDT,ETCUSDT,0.03,-3.55,-3.35,0.12,7
605,IDEXUSDT,SXPUSDT,0.01,-3.94,-3.35,0.18,7
594,IDEXUSDT,ETCUSDT,0.04,-3.38,-3.35,0.0,7
387,YFIUSDT,EGLDUSDT,0.03,-3.55,-3.35,162.32,7
53,ETHUSDT,FLMUSDT,0.03,-3.53,-3.35,28573.46,7
86,LTCUSDT,FRONTUSDT,0.01,-3.82,-3.35,92.7,7
713,HFTUSDT,BALUSDT,0.05,-3.37,-3.35,0.08,7
482,BELUSDT,AUDIOUSDT,0.02,-3.63,-3.35,6.04,7
676,GALUSDT,ATAUSDT,0.01,-3.92,-3.35,21.46,7
445,BLZUSDT,XVGUSDT,0.04,-3.42,-3.35,55.36,7
404,YFIUSDT,GTCUSDT,0.03,-3.51,-3.35,5111.21,7
656,JOEUSDT,STORJUSDT,0.0,-4.13,-3.35,1.05,7
498,BELUSDT,RADUSDT,0.01,-3.96,-3.35,0.63,7
494,BELUSDT,GTCUSDT,0.01,-4.04,-3.35,0.91,7
447,BLZUSDT,FXSUSDT,0.03,-3.51,-3.35,0.07,7
492,BELUSDT,MASKUSDT,0.04,-3.41,-3.35,0.33,7
661,TUSDT,ETHUSDT,0.03,-3.56,-3.35,0.0,7
489,BELUSDT,ALICEUSDT,0.02,-3.66,-3.35,0.9,7
488,BELUSDT,BADGERUSDT,0.02,-3.72,-3.35,0.26,7
484,BELUSDT,SKLUSDT,0.01,-3.8,-3.35,12.71,7
483,BELUSDT,AXSUSDT,0.03,-3.49,-3.35,0.16,7
151,ADAUSDT,BLURUSDT,0.04,-3.42,-3.35,1.14,7
478,BELUSDT,RUNEUSDT,0.03,-3.53,-3.35,0.22,7
474,BELUSDT,CRVUSDT,0.02,-3.74,-3.35,2.59,7
473,BELUSDT,BALUSDT,0.04,-3.39,-3.35,0.31,7
468,BELUSDT,KEYUSDT,0.01,-3.96,-3.35,164.19,7
463,BELUSDT,WAVESUSDT,0.01,-3.91,-3.35,0.48,7
462,BELUSDT,ETCUSDT,0.05,-3.36,-3.35,0.04,7
459,DOTUSDT,KEYUSDT,0.0,-4.22,-3.35,929.38,7
751,AMBUSDT,ICXUSDT,0.0,-4.87,-3.35,0.04,7
376,YFIUSDT,MDTUSDT,0.01,-4.09,-3.35,84659.51,7
416,YFIUSDT,PEOPLEUSDT,0.0,-4.14,-3.35,252967.89,7
540,LITUSDT,OMGUSDT,0.03,-3.5,-3.35,1.54,7
163,XLMUSDT,COTIUSDT,0.04,-3.38,-3.35,0.87,7
699,STGUSDT,STORJUSDT,0.03,-3.57,-3.35,1.02,7
181,XLMUSDT,SPELLUSDT,0.01,-3.88,-3.35,119.31,7
187,XLMUSDT,VANRYUSDT,0.05,-3.36,-3.35,0.63,7
198,USDCUSDT,XRPUSDT,0.0,-4.22,-3.35,1.82,7
438,YFIUSDT,PIXELUSDT,0.01,-4.1,-3.35,14240.81,7
210,USDCUSDT,HOTUSDT,0.0,-4.3,-3.35,371.2,7
698,STGUSDT,LRCUSDT,0.0,-4.42,-3.35,2.1,7
363,YFIUSDT,ENJUSDT,0.01,-3.85,-3.35,19900.05,7
418,YFIUSDT,GLMRUSDT,0.02,-3.68,-3.35,20360.14,7
216,USDCUSDT,IOSTUSDT,0.0,-4.13,-3.35,95.23,7
779,AMBUSDT,SKLUSDT,0.0,-4.4,-3.35,0.1,7
739,HIFIUSDT,SKLUSDT,0.0,-4.51,-3.35,9.15,7
778,AMBUSDT,AXSUSDT,0.0,-4.22,-3.35,0.0,7
322,MBLUSDT,YGGUSDT,0.05,-3.37,-3.35,0.0,7
460,SUSHIUSDT,MATICUSDT,0.04,-3.4,-3.35,1.56,7
342,ZENUSDT,ALPHAUSDT,0.05,-3.37,-3.35,71.28,6
298,RENUSDT,AXSUSDT,0.02,-3.75,-3.35,0.01,6
290,RENUSDT,STORJUSDT,0.03,-3.54,-3.35,0.13,6
756,AMBUSDT,ATOMUSDT,0.0,-4.23,-3.35,0.0,6
370,YFIUSDT,NKNUSDT,0.0,-4.38,-3.35,50091.95,6
410,YFIUSDT,FRONTUSDT,0.02,-3.67,-3.35,7869.39,6
757,AMBUSDT,ONEUSDT,0.03,-3.51,-3.35,0.44,6
702,GMXUSDT,BELUSDT,0.03,-3.59,-3.35,23.26,6
655,JOEUSDT,LRCUSDT,0.0,-4.62,-3.35,2.18,6
648,JOEUSDT,ONEUSDT,0.0,-4.43,-3.35,27.06,6
477,BELUSDT,SUSHIUSDT,0.0,-4.15,-3.35,1.1,6
493,BELUSDT,XVGUSDT,0.03,-3.54,-3.35,186.92,6
141,ADAUSDT,BICOUSDT,0.01,-3.9,-3.35,0.83,6
203,USDCUSDT,TRXUSDT,0.0,-4.39,-3.35,8.69,6
128,ADAUSDT,ALPHAUSDT,0.01,-3.78,-3.35,3.67,6
231,ALGOUSDT,IOTXUSDT,0.01,-4.1,-3.35,3.13,6
475,BELUSDT,RSRUSDT,0.05,-3.37,-3.35,178.15,6
824,GASUSDT,SANDUSDT,0.04,-3.42,-3.35,11.23,5
825,GASUSDT,TRBUSDT,0.03,-3.57,-3.35,0.09,5
783,AMBUSDT,LINAUSDT,0.0,-4.62,-3.35,1.0,5
720,HFTUSDT,GTCUSDT,0.0,-4.24,-3.35,0.24,5
692,STGUSDT,DOGEUSDT,0.03,-3.48,-3.35,3.61,5
916,STRKUSDT,DOGEUSDT,0.03,-3.58,-3.35,9.04,5
627,POWRUSDT,ETHUSDT,0.04,-3.46,-3.35,0.0,5
684,OPUSDT,ETHUSDT,0.04,-3.4,-3.35,0.0,5
721,HFTUSDT,RADUSDT,0.02,-3.65,-3.35,0.17,5
715,HFTUSDT,BELUSDT,0.01,-3.99,-3.35,0.25,5
643,JOEUSDT,ZILUSDT,0.02,-3.74,-3.35,22.49,5
774,AMBUSDT,AVAXUSDT,0.02,-3.61,-3.35,0.0,5
752,AMBUSDT,ZILUSDT,0.0,-4.11,-3.35,0.36,5
887,XAIUSDT,MATICUSDT,0.01,-4.0,-3.35,1.1,5
642,JOEUSDT,WAVESUSDT,0.01,-4.05,-3.35,0.23,5
767,AMBUSDT,STORJUSDT,0.0,-4.18,-3.35,0.02,5
821,GASUSDT,BANDUSDT,0.01,-3.77,-3.35,3.28,5
0,BTCUSDT,EOSUSDT,0.01,-3.87,-3.35,73368.63,5
448,BLZUSDT,ORDIUSDT,0.02,-3.63,-3.35,0.01,5
495,BELUSDT,C98USDT,0.02,-3.67,-3.35,3.98,5
424,YFIUSDT,USTCUSDT,0.02,-3.67,-3.35,355124.03,5
265,DOGEUSDT,XVGUSDT,0.0,-4.32,-3.35,23.64,5
255,DOGEUSDT,RSRUSDT,0.02,-3.62,-3.35,22.45,5
242,DOGEUSDT,BANDUSDT,0.01,-3.79,-3.35,0.1,5
64,BNBUSDT,ATAUSDT,0.0,-4.36,-3.35,2906.06,5
68,LTCUSDT,KEYUSDT,0.0,-4.18,-3.35,10923.0,5
204,USDCUSDT,ETCUSDT,0.01,-4.0,-3.35,0.03,5
375,YFIUSDT,CTSIUSDT,0.01,-3.94,-3.35,32350.84,5
17,BTCUSDT,ARPAUSDT,0.02,-3.7,-3.35,799564.35,5
199,USDCUSDT,EOSUSDT,0.0,-4.33,-3.35,1.1,5
464,BELUSDT,OMGUSDT,0.02,-3.67,-3.35,1.7,5
85,LTCUSDT,YGGUSDT,0.0,-4.77,-3.35,82.72,5
91,LTCUSDT,WOOUSDT,0.01,-4.09,-3.35,254.48,5
480,BELUSDT,ALPHAUSDT,0.04,-3.42,-3.35,9.49,5
485,BELUSDT,1INCHUSDT,0.04,-3.47,-3.35,2.78,5
295,RENUSDT,AVAXUSDT,0.03,-3.53,-3.35,0.0,5
411,YFIUSDT,DARUSDT,0.01,-3.95,-3.35,39971.37,5
409,YFIUSDT,YGGUSDT,0.0,-4.76,-3.35,7021.61,5
364,YFIUSDT,MATICUSDT,0.04,-3.38,-3.35,9646.42,5
47,ETHUSDT,SXPUSDT,0.03,-3.52,-3.35,8310.8,5
381,YFIUSDT,CRVUSDT,0.04,-3.44,-3.35,14595.58,5
46,ETHUSDT,STMXUSDT,0.03,-3.58,-3.35,365804.43,5
45,ETHUSDT,BNTUSDT,0.01,-4.04,-3.35,4187.57,5
386,YFIUSDT,SUSHIUSDT,0.05,-3.37,-3.35,6092.81,5
389,YFIUSDT,OXTUSDT,0.03,-3.49,-3.35,62340.74,5
42,ETHUSDT,BANDUSDT,0.03,-3.57,-3.35,1823.39,5
34,ETHUSDT,EOSUSDT,0.01,-3.81,-3.35,3603.35,5
393,YFIUSDT,AXSUSDT,0.02,-3.68,-3.35,909.72,5
397,YFIUSDT,LITUSDT,0.02,-3.63,-3.35,6174.07,5
361,YFIUSDT,ZILUSDT,0.04,-3.45,-3.35,264829.36,5
360,YFIUSDT,ETCUSDT,0.03,-3.48,-3.35,255.54,5
350,SNXUSDT,OMGUSDT,0.03,-3.56,-3.35,4.26,5
35,ETHUSDT,IOTAUSDT,0.04,-3.42,-3.35,12395.04,5
95,LTCUSDT,USTCUSDT,0.0,-4.33,-3.35,4182.73,5
380,YFIUSDT,STORJUSDT,0.02,-3.64,-3.35,12418.3,5
552,CFXUSDT,ETCUSDT,0.02,-3.64,-3.35,0.01,5
8,BTCUSDT,IOSTUSDT,0.02,-3.75,-3.35,6348707.53,5
125,ADAUSDT,MDTUSDT,0.02,-3.66,-3.35,5.84,5
144,ADAUSDT,API3USDT,0.03,-3.48,-3.35,0.19,5
152,ADAUSDT,1000SATSUSDT,0.01,-4.02,-3.35,1357.05,5
114,QTUMUSDT,TUSDT,0.04,-3.43,-3.35,109.25,5
177,XLMUSDT,FRONTUSDT,0.02,-3.66,-3.35,0.12,5
589,DYDXUSDT,KNCUSDT,0.02,-3.66,-3.35,3.87,5
108,QTUMUSDT,FLMUSDT,0.01,-4.05,-3.35,38.17,5
563,BONDUSDT,ATOMUSDT,0.04,-3.47,-3.35,0.37,5
551,BADGERUSDT,COMPUSDT,0.02,-3.64,-3.35,0.08,5
142,ADAUSDT,PEOPLEUSDT,0.04,-3.43,-3.35,17.47,5
557,MASKUSDT,DOGEUSDT,0.03,-3.51,-3.35,23.74,5
4,BTCUSDT,LINKUSDT,0.04,-3.42,-3.35,4261.17,5
147,ADAUSDT,USTCUSDT,0.01,-3.83,-3.35,24.52,5
168,XLMUSDT,NMRUSDT,0.01,-4.09,-3.35,0.0,5
497,BELUSDT,YGGUSDT,0.03,-3.5,-3.35,1.25,4
571,QNTUSDT,IOTXUSDT,0.02,-3.76,-3.35,1688.22,4
281,RENUSDT,ZILUSDT,0.05,-3.38,-3.35,2.67,4
491,BELUSDT,BAKEUSDT,0.04,-3.44,-3.35,4.43,4
639,JOEUSDT,IOTAUSDT,0.01,-3.84,-3.35,2.44,4
924,PORTALUSDT,BELUSDT,0.02,-3.7,-3.35,0.9,4
906,PYTHUSDT,UNIUSDT,0.02,-3.61,-3.35,0.08,4
789,AMBUSDT,FLOWUSDT,0.0,-4.24,-3.35,0.01,4
837,ARBUSDT,BICOUSDT,0.0,-4.44,-3.35,2.05,4
796,AMBUSDT,API3USDT,0.02,-3.63,-3.35,0.0,4
476,BELUSDT,TRBUSDT,0.02,-3.62,-3.35,0.02,4
140,ADAUSDT,ENSUSDT,0.04,-3.44,-3.35,0.03,3
831,GASUSDT,REEFUSDT,0.03,-3.58,-3.35,2280.78,3
839,RDNTUSDT,WAVESUSDT,0.04,-3.38,-3.35,0.09,3
149,ADAUSDT,CYBERUSDT,0.02,-3.7,-3.35,0.05,3
328,CHRUSDT,RSRUSDT,0.02,-3.66,-3.35,47.19,3
333,CHRUSDT,MAVUSDT,0.05,-3.37,-3.35,0.71,3
885,ACEUSDT,SNXUSDT,0.01,-3.89,-3.35,2.02,3
143,ADAUSDT,GLMRUSDT,0.04,-3.43,-3.35,1.41,3
134,ADAUSDT,LINAUSDT,0.05,-3.36,-3.35,49.49,3
48,ETHUSDT,MANAUSDT,0.03,-3.53,-3.35,6333.69,3
339,ZENUSDT,LTCUSDT,0.05,-3.36,-3.35,0.11,3
749,AMBUSDT,IOTAUSDT,0.0,-4.13,-3.35,0.04,3
734,HIFIUSDT,BELUSDT,0.0,-5.61,-3.35,0.68,3
760,AMBUSDT,XTZUSDT,0.04,-3.38,-3.35,0.01,3
150,ADAUSDT,NTRNUSDT,0.03,-3.56,-3.35,0.58,3
879,ACEUSDT,ENJUSDT,0.01,-3.97,-3.35,17.97,3
183,XLMUSDT,USTCUSDT,0.01,-4.06,-3.35,5.59,3
188,XLMUSDT,PIXELUSDT,0.04,-3.44,-3.35,0.22,3
96,LTCUSDT,GLMUSDT,0.04,-3.4,-3.35,198.42,3
806,AMBUSDT,BLURUSDT,0.04,-3.39,-3.35,0.02,3
169,XLMUSDT,ROSEUSDT,0.0,-4.24,-3.35,1.08,3
200,USDCUSDT,IOTAUSDT,0.01,-4.1,-3.35,3.78,3
201,USDCUSDT,XLMUSDT,0.0,-4.18,-3.35,8.39,3
207,USDCUSDT,LINKUSDT,0.0,-4.13,-3.35,0.06,3
76,LTCUSDT,XVSUSDT,0.02,-3.63,-3.35,7.13,3
213,USDCUSDT,FETUSDT,0.01,-4.08,-3.35,0.42,3
75,LTCUSDT,UMAUSDT,0.01,-4.09,-3.35,28.27,3
73,LTCUSDT,RSRUSDT,0.0,-4.2,-3.35,11693.28,3
167,XLMUSDT,COMPUSDT,0.01,-4.11,-3.35,0.0,3
63,ETHUSDT,PERPUSDT,0.04,-3.46,-3.35,2690.03,3
161,XLMUSDT,KAVAUSDT,0.04,-3.42,-3.35,0.15,3
154,ADAUSDT,PIXELUSDT,0.05,-3.36,-3.35,0.98,3
769,AMBUSDT,BALUSDT,0.05,-3.36,-3.35,0.0,3
768,AMBUSDT,YFIUSDT,0.05,-3.35,-3.35,0.0,3
60,ETHUSDT,1INCHUSDT,0.02,-3.68,-3.35,6798.57,3
845,SNTUSDT,EOSUSDT,0.03,-3.51,-3.35,0.05,3
282,RENUSDT,DASHUSDT,0.05,-3.38,-3.35,0.0,3
758,AMBUSDT,DOGEUSDT,0.01,-3.82,-3.35,0.06,3
755,AMBUSDT,MATICUSDT,0.02,-3.6,-3.35,0.01,3
469,BELUSDT,NKNUSDT,0.02,-3.62,-3.35,8.95,3
368,YFIUSDT,KEYUSDT,0.0,-5.38,-3.35,927556.93,3
378,YFIUSDT,LRCUSDT,0.02,-3.67,-3.35,25622.39,3
419,YFIUSDT,API3USDT,0.03,-3.56,-3.35,2734.67,3
467,BELUSDT,DENTUSDT,0.02,-3.75,-3.35,858.79,3
461,SUSHIUSDT,ONEUSDT,0.03,-3.54,-3.35,51.67,3
450,CRVUSDT,WAVESUSDT,0.03,-3.48,-3.35,0.19,3
18,BTCUSDT,STPTUSDT,0.04,-3.45,-3.35,1093141.27,3
446,BLZUSDT,BONDUSDT,0.05,-3.36,-3.35,0.11,3
444,BLZUSDT,XVSUSDT,0.03,-3.5,-3.35,0.03,3
417,YFIUSDT,JOEUSDT,0.01,-3.85,-3.35,11714.13,3
19,BTCUSDT,STMXUSDT,0.01,-4.09,-3.35,7446957.71,3
687,STGUSDT,WAVESUSDT,0.01,-3.96,-3.35,0.22,3
437,YFIUSDT,XAIUSDT,0.01,-3.97,-3.35,8701.84,3
422,YFIUSDT,STGUSDT,0.02,-3.74,-3.35,12164.92,3
28,BTCUSDT,XEMUSDT,0.0,-4.21,-3.35,1565953.56,3
385,YFIUSDT,TRBUSDT,0.05,-3.35,-3.35,109.58,3
433,YFIUSDT,1000SATSUSDT,0.02,-3.63,-3.35,19626215.21,3
430,YFIUSDT,NTRNUSDT,0.02,-3.63,-3.35,8403.61,3
429,YFIUSDT,CYBERUSDT,0.0,-4.4,-3.35,690.16,3
486,BELUSDT,REEFUSDT,0.02,-3.59,-3.35,524.13,3
428,YFIUSDT,MAVUSDT,0.01,-3.87,-3.35,14997.94,3
660,TUSDT,BTCUSDT,0.05,-3.38,-3.35,0.0,3
572,QNTUSDT,ZENUSDT,0.03,-3.57,-3.35,10.88,3
935,AEVOUSDT,BCHUSDT,0.0,-5.08,-3.35,0.0,3
44,ETHUSDT,ARPAUSDT,0.01,-3.81,-3.35,39264.81,3
626,POWRUSDT,BTCUSDT,0.02,-3.63,-3.35,0.0,3
390,YFIUSDT,AVAXUSDT,0.0,-4.41,-3.35,185.42,3
576,QNTUSDT,WOOUSDT,0.03,-3.51,-3.35,315.17,3
630,BICOUSDT,ETHUSDT,0.01,-3.8,-3.35,0.0,3
513,INJUSDT,UNFIUSDT,0.04,-3.43,-3.35,6.73,3
5,BTCUSDT,WAVESUSDT,0.05,-3.36,-3.35,24195.01,3
640,JOEUSDT,ETCUSDT,0.03,-3.59,-3.35,0.02,3
926,PORTALUSDT,RIFUSDT,0.04,-3.46,-3.35,5.39,3
36,ETHUSDT,ZILUSDT,0.04,-3.45,-3.35,114229.84,3
567,QNTUSDT,ZRXUSDT,0.04,-3.38,-3.35,189.93,3
566,QNTUSDT,LTCUSDT,0.04,-3.46,-3.35,1.24,3
560,XVGUSDT,ETHUSDT,0.02,-3.61,-3.35,0.0,3
539,LITUSDT,DASHUSDT,0.03,-3.49,-3.35,0.04,3
132,ADAUSDT,REEFUSDT,0.01,-3.87,-3.35,202.89,2
870,ORDIUSDT,ATOMUSDT,0.04,-3.42,-3.35,5.99,2
490,BELUSDT,LINAUSDT,0.02,-3.65,-3.35,129.95,2
122,ADAUSDT,NKNUSDT,0.02,-3.72,-3.35,3.46,2
289,RENUSDT,LRCUSDT,0.01,-3.98,-3.35,0.26,2
299,RENUSDT,SKLUSDT,0.0,-4.55,-3.35,0.73,2
301,RENUSDT,LITUSDT,0.01,-3.89,-3.35,0.06,2
708,HFTUSDT,RENUSDT,0.0,-4.14,-3.35,4.63,2
367,YFIUSDT,DENTUSDT,0.04,-3.44,-3.35,4849221.44,2
312,HBARUSDT,USDCUSDT,0.04,-3.46,-3.35,0.1,2
308,RENUSDT,FLOWUSDT,0.0,-4.14,-3.35,0.07,2
391,YFIUSDT,ALPHAUSDT,0.01,-3.85,-3.35,53174.02,2
103,LTCUSDT,AIUSDT,0.0,-4.29,-3.35,74.48,1
12,BTCUSDT,BANDUSDT,0.01,-3.87,-3.35,37114.61,1
33,BTCUSDT,LINAUSDT,0.05,-3.38,-3.35,6250125.28,1
61,ETHUSDT,REEFUSDT,0.01,-3.97,-3.35,1265585.14,1
886,ACEUSDT,STORJUSDT,0.02,-3.62,-3.35,11.19,1
884,ACEUSDT,LRCUSDT,0.04,-3.42,-3.35,23.1,1
925,PORTALUSDT,SKLUSDT,0.0,-4.3,-3.35,11.85,1
32,BTCUSDT,ALICEUSDT,0.05,-3.37,-3.35,44166.17,1
13,BTCUSDT,XTZUSDT,0.04,-3.45,-3.35,59325.84,1
99,LTCUSDT,COMBOUSDT,0.04,-3.47,-3.35,108.29,1
849,MAVUSDT,MATICUSDT,0.03,-3.51,-3.35,0.63,1
102,LTCUSDT,NFPUSDT,0.0,-4.25,-3.35,160.52,1
11,BTCUSDT,DENTUSDT,0.04,-3.46,-3.35,42552125.71,1
850,MAVUSDT,DOGEUSDT,0.04,-3.46,-3.35,2.9,1
9,BTCUSDT,DASHUSDT,0.02,-3.67,-3.35,2025.47,1
38,ETHUSDT,OMGUSDT,0.04,-3.43,-3.35,4098.76,1
6,BTCUSDT,ZILUSDT,0.02,-3.59,-3.35,2326251.54,1
41,ETHUSDT,DENTUSDT,0.02,-3.6,-3.35,2090668.08,1
933,AEVOUSDT,DOGEUSDT,0.03,-3.52,-3.35,12.26,1
843,RDNTUSDT,LRCUSDT,0.02,-3.61,-3.35,0.86,1
51,ETHUSDT,TRBUSDT,0.03,-3.49,-3.35,47.14,1
50,ETHUSDT,RSRUSDT,0.05,-3.36,-3.35,426729.66,1
121,ADAUSDT,KEYUSDT,0.0,-4.35,-3.35,64.02,1
49,ETHUSDT,SANDUSDT,0.04,-3.42,-3.35,6240.42,1
840,RDNTUSDT,DOGEUSDT,0.0,-4.25,-3.35,1.48,1
3,BTCUSDT,ICXUSDT,0.03,-3.57,-3.35,243943.43,1
2,BTCUSDT,ETCUSDT,0.04,-3.43,-3.35,2247.5,1
838,RDNTUSDT,ETCUSDT,0.04,-3.41,-3.35,0.01,1
31,BTCUSDT,CAKEUSDT,0.05,-3.37,-3.35,20326.15,1
922,PORTALUSDT,BCHUSDT,0.01,-3.97,-3.35,0.0,1
52,ETHUSDT,OXTUSDT,0.03,-3.57,-3.35,26898.8,1
98,LTCUSDT,EDUUSDT,0.02,-3.76,-3.35,125.3,1
24,BTCUSDT,XVSUSDT,0.01,-3.78,-3.35,5300.11,1
62,ETHUSDT,ALICEUSDT,0.05,-3.36,-3.35,2170.09,1
871,ORDIUSDT,DOGEUSDT,0.0,-4.67,-3.35,330.29,1
23,BTCUSDT,TRBUSDT,0.03,-3.53,-3.35,958.79,1
25,BTCUSDT,ALPHAUSDT,0.03,-3.58,-3.35,466222.79,1
57,ETHUSDT,UNFIUSDT,0.01,-3.91,-3.35,737.81,1
877,ACEUSDT,WAVESUSDT,0.03,-3.57,-3.35,2.47,1
26,BTCUSDT,AUDIOUSDT,0.05,-3.36,-3.35,296830.15,1
867,NTRNUSDT,BTCUSDT,0.04,-3.38,-3.35,0.0,1
22,BTCUSDT,SANDUSDT,0.04,-3.46,-3.35,127055.88,1
71,LTCUSDT,OGNUSDT,0.01,-3.96,-3.35,477.73,1
21,BTCUSDT,MANAUSDT,0.03,-3.57,-3.35,128960.73,1
27,BTCUSDT,UNFIUSDT,0.03,-3.49,-3.35,15011.65,1
56,ETHUSDT,AAVEUSDT,0.01,-3.91,-3.35,31.76,1
20,BTCUSDT,SXPUSDT,0.03,-3.59,-3.35,169257.81,1
77,LTCUSDT,UNFIUSDT,0.01,-3.83,-3.35,20.19,1
81,LTCUSDT,LINAUSDT,0.03,-3.57,-3.35,8437.5,1
82,LTCUSDT,BAKEUSDT,0.02,-3.74,-3.35,290.91,1
29,BTCUSDT,1INCHUSDT,0.03,-3.54,-3.35,138417.13,1
880,ACEUSDT,DOGEUSDT,0.04,-3.4,-3.35,39.7,1
30,BTCUSDT,REEFUSDT,0.02,-3.63,-3.35,25748072.58,1
16,BTCUSDT,KAVAUSDT,0.04,-3.45,-3.35,83375.17,1
92,LTCUSDT,APEUSDT,0.02,-3.74,-3.35,62.42,1
55,ETHUSDT,ALPHAUSDT,0.05,-3.37,-3.35,22909.96,1
93,LTCUSDT,HOOKUSDT,0.04,-3.45,-3.35,80.62,1
94,LTCUSDT,LQTYUSDT,0.05,-3.37,-3.35,70.84,1
54,ETHUSDT,XVSUSDT,0.01,-3.91,-3.35,260.51,1
15,BTCUSDT,NKNUSDT,0.03,-3.49,-3.35,438890.85,1
874,ORDIUSDT,BNTUSDT,0.0,-4.25,-3.35,72.17,1
915,PIXELUSDT,BTCUSDT,0.02,-3.66,-3.35,0.0,1
618,MOVRUSDT,ONEUSDT,0.01,-3.81,-3.35,644.0,1
124,ADAUSDT,CTSIUSDT,0.01,-4.0,-3.35,2.23,1
405,YFIUSDT,FLOWUSDT,0.03,-3.55,-3.35,7216.54,1
685,STGUSDT,ETHUSDT,0.04,-3.38,-3.35,0.0,1
686,STGUSDT,ETCUSDT,0.04,-3.39,-3.35,0.02,1
427,YFIUSDT,COMBOUSDT,0.01,-3.93,-3.35,9193.78,1
690,STGUSDT,MATICUSDT,0.01,-4.0,-3.35,0.79,1
425,YFIUSDT,GLMUSDT,0.0,-4.38,-3.35,16847.43,1
423,YFIUSDT,LQTYUSDT,0.01,-3.85,-3.35,6013.01,1
415,YFIUSDT,CVXUSDT,0.02,-3.73,-3.35,2472.64,1
413,YFIUSDT,ENSUSDT,0.0,-4.41,-3.35,452.22,1
412,YFIUSDT,MOVRUSDT,0.0,-4.28,-3.35,492.8,1
407,YFIUSDT,DYDXUSDT,0.02,-3.68,-3.35,2960.21,1
402,YFIUSDT,BAKEUSDT,0.0,-4.14,-3.35,24689.16,1
369,YFIUSDT,BANDUSDT,0.05,-3.37,-3.35,4230.57,1
705,HFTUSDT,OMGUSDT,0.01,-4.03,-3.35,0.45,1
401,YFIUSDT,LINAUSDT,0.02,-3.7,-3.35,715678.14,1
400,YFIUSDT,ALICEUSDT,0.05,-3.37,-3.35,5036.97,1
399,YFIUSDT,BADGERUSDT,0.05,-3.35,-3.35,1476.69,1
398,YFIUSDT,CAKEUSDT,0.03,-3.57,-3.35,2315.47,1
392,YFIUSDT,AAVEUSDT,0.03,-3.58,-3.35,73.65,1
388,YFIUSDT,RUNEUSDT,0.01,-3.82,-3.35,1221.37,1
384,YFIUSDT,RSRUSDT,0.02,-3.66,-3.35,992267.6,1
382,YFIUSDT,SANDUSDT,0.01,-3.99,-3.35,14474.01,1
723,HIFIUSDT,ETCUSDT,0.02,-3.65,-3.35,0.03,1
434,YFIUSDT,ACEUSDT,0.01,-3.9,-3.35,1097.3,1
435,YFIUSDT,NFPUSDT,0.03,-3.51,-3.35,13618.22,1
436,YFIUSDT,AIUSDT,0.0,-4.26,-3.35,6320.64,1
439,YFIUSDT,METISUSDT,0.04,-3.42,-3.35,102.47,1
616,YGGUSDT,BTCUSDT,0.02,-3.71,-3.35,0.0,1
615,ILVUSDT,BTCUSDT,0.02,-3.62,-3.35,0.0,1
625,ENSUSDT,ETHUSDT,0.03,-3.58,-3.35,0.01,1
591,IDEXUSDT,BTCUSDT,0.04,-3.47,-3.35,0.0,1
575,QNTUSDT,AUCTIONUSDT,0.01,-3.78,-3.35,5.67,1
632,CVXUSDT,DOGEUSDT,0.04,-3.42,-3.35,17.81,1
574,QNTUSDT,FRONTUSDT,0.0,-4.19,-3.35,114.71,1
573,QNTUSDT,ROSEUSDT,0.01,-3.94,-3.35,1004.8,1
637,CVXUSDT,BNTUSDT,0.04,-3.41,-3.35,3.9,1
638,PEOPLEUSDT,ETHUSDT,0.04,-3.39,-3.35,0.0,1
570,QNTUSDT,CHZUSDT,0.04,-3.47,-3.35,872.39,1
569,QNTUSDT,KEYUSDT,0.03,-3.57,-3.35,13529.14,1
564,C98USDT,ETHUSDT,0.01,-3.84,-3.35,0.0,1
646,JOEUSDT,MATICUSDT,0.02,-3.67,-3.35,0.82,1
545,BADGERUSDT,WAVESUSDT,0.04,-3.47,-3.35,1.85,1
512,INJUSDT,RSRUSDT,0.04,-3.46,-3.35,3897.63,1
501,UNIUSDT,RVNUSDT,0.03,-3.49,-3.35,251.03,1
1,BTCUSDT,IOTAUSDT,0.02,-3.65,-3.35,252433.91,1
453,CRVUSDT,XTZUSDT,0.02,-3.69,-3.35,0.46,1
449,CRVUSDT,ETCUSDT,0.03,-3.56,-3.35,0.02,1
441,BALUSDT,OMGUSDT,0.01,-3.85,-3.35,5.39,1
372,YFIUSDT,OGNUSDT,0.02,-3.6,-3.35,40549.66,1
365,YFIUSDT,ATOMUSDT,0.02,-3.62,-3.35,800.82,1
127,ADAUSDT,RUNEUSDT,0.01,-3.8,-3.35,0.08,1
179,XLMUSDT,ENSUSDT,0.0,-4.36,-3.35,0.01,1
211,USDCUSDT,ZILUSDT,0.01,-4.09,-3.35,34.85,1
208,USDCUSDT,WAVESUSDT,0.01,-4.0,-3.35,0.36,1
205,USDCUSDT,ICXUSDT,0.01,-4.08,-3.35,3.65,1
197,USDCUSDT,ADAUSDT,0.01,-4.01,-3.35,1.91,1
195,USDCUSDT,LTCUSDT,0.01,-4.11,-3.35,0.01,1
189,XLMUSDT,METISUSDT,0.02,-3.62,-3.35,0.0,1
186,XLMUSDT,NTRNUSDT,0.04,-3.45,-3.35,0.13,1
185,XLMUSDT,COMBOUSDT,0.01,-4.02,-3.35,0.14,1
184,XLMUSDT,GLMUSDT,0.02,-3.66,-3.35,0.27,1
180,XLMUSDT,PEOPLEUSDT,0.0,-5.47,-3.35,3.98,1
173,XLMUSDT,SLPUSDT,0.01,-3.95,-3.35,25.69,1
362,YFIUSDT,OMGUSDT,0.03,-3.53,-3.35,9519.13,1
172,XLMUSDT,TLMUSDT,0.01,-3.85,-3.35,6.09,1
171,XLMUSDT,ALICEUSDT,0.04,-3.41,-3.35,0.08,1
159,XLMUSDT,KEYUSDT,0.0,-4.57,-3.35,14.61,1
155,ADAUSDT,METISUSDT,0.04,-3.42,-3.35,0.01,1
153,ADAUSDT,AIUSDT,0.02,-3.62,-3.35,0.44,1
148,ADAUSDT,GLMUSDT,0.01,-4.03,-3.35,1.16,1
139,ADAUSDT,DARUSDT,0.03,-3.47,-3.35,2.76,1
827,GASUSDT,XVSUSDT,0.01,-3.9,-3.35,0.47,1
133,ADAUSDT,ALICEUSDT,0.01,-3.93,-3.35,0.35,1
129,ADAUSDT,UNFIUSDT,0.0,-4.5,-3.35,0.12,1
212,USDCUSDT,ZRXUSDT,0.01,-4.02,-3.35,1.71,1
215,USDCUSDT,ZECUSDT,0.01,-4.09,-3.35,0.04,1
617,YGGUSDT,ETHUSDT,0.04,-3.39,-3.35,0.0,1
219,USDCUSDT,OMGUSDT,0.01,-4.08,-3.35,1.25,1
355,STORJUSDT,OMGUSDT,0.02,-3.67,-3.35,0.77,1
335,KNCUSDT,XRPUSDT,0.01,-3.95,-3.35,1.19,1
334,CHRUSDT,AEVOUSDT,0.02,-3.76,-3.35,0.17,1
318,MBLUSDT,KEYUSDT,0.02,-3.65,-3.35,0.61,1
315,OGNUSDT,ETHUSDT,0.05,-3.38,-3.35,0.0,1
309,RENUSDT,ILVUSDT,0.05,-3.36,-3.35,0.0,1
750,AMBUSDT,ETCUSDT,0.02,-3.7,-3.35,0.0,1
292,RENUSDT,DOTUSDT,0.03,-3.56,-3.35,0.01,1
285,RENUSDT,MATICUSDT,0.01,-3.93,-3.35,0.1,1
272,DOGEUSDT,RADUSDT,0.02,-3.64,-3.35,0.08,1
266,DOGEUSDT,GTCUSDT,0.01,-3.9,-3.35,0.12,1
263,DOGEUSDT,LINAUSDT,0.03,-3.53,-3.35,16.21,1
260,DOGEUSDT,AUDIOUSDT,0.03,-3.48,-3.35,0.77,1
259,DOGEUSDT,ALPHAUSDT,0.03,-3.55,-3.35,1.2,1
258,DOGEUSDT,XVSUSDT,0.0,-4.15,-3.35,0.01,1
256,DOGEUSDT,TRBUSDT,0.01,-3.83,-3.35,0.0,1
244,DOGEUSDT,NKNUSDT,0.03,-3.56,-3.35,1.13,1
240,DOGEUSDT,OMGUSDT,0.02,-3.64,-3.35,0.22,1
223,USDCUSDT,ATOMUSDT,0.01,-4.03,-3.35,0.11,1
222,USDCUSDT,MATICUSDT,0.01,-4.05,-3.35,1.27,1
221,USDCUSDT,ENJUSDT,0.01,-4.07,-3.35,2.62,1
218,USDCUSDT,DASHUSDT,0.01,-4.07,-3.35,0.03,1
